Command,Arg1,Arg2,Arg3,Arg4,Arg5,Arg6
Version,1,,,,,
FadeOut,black,0,,,,
Line,,作者：邂逅,,,,
Bg,mansui_dream_01.png,,,,,
FadeIn,black,2,,,,
Wait,,500,,,,
Line,穗儿,我梦到过一位婷婷淑女。,,,,
Line,穗儿,她说，她是未来的我。,,,,
Line,穗儿,我很好奇。,,,,
Line,穗儿,我问了许多问题，但是梦醒的时候，我好像什么都记不清了。,,,,
Line,穗儿,爹爹还没有回来，弟弟的身体更差了。,,,,
Line,穗儿,我好饿。,,,,
FadeOut,black,0,,,,
Bg,mansui_dream_02.png,,,,,
FadeIn,black,2000,,,,
Wait,,500,,,,
Line,满穗,在离开厨师爷爷的客栈，再次流浪的路上，我梦到了一个小女孩。,,,,
Line,满穗,我看到带着波浪的麦田与斜阳倾洒着的金黄色。,,,,
Line,满穗,这是我回忆里的画面。,,,,
Line,满穗,我走向了无忧无虑的她。,,,,
Line,满穗,我猜，她就是我。,,,,
Line,满穗,[ 穗儿，你目所能及的一切都会失去。],,,,
Line,满穗,我决然地向那个自己吼道，像是告诫、像是发泄。,,,,
Line,穗儿,[ 爹爹、娘、奶奶、弟弟，我的小猫，他们都会死吗？],,,,
Line,满穗,她哭泣，她不解。,,,,
Line,满穗,是啊，我不知道为什么。,,,,
Line,满穗,为什么你要承受饥饿、为什么你会失去亲人、为什么你必须流离失所。,,,,
Line,满穗,或许，你不属于这片美好的麦田。,,,,
FadeOut,black,0,,,,
Bg,mansui_dream_03.png,,,,,
FadeIn,black,2000,,,,
Wait,,500,,,,
Line,满穗,知道了仇人是谁后，我再次梦到了她。,,,,
Line,满穗,在枯槁的平原上，立在几近干涸的、泥泞的、肮脏的河床上。,,,,
Line,满穗,眼前所见尽是干枯与死亡。,,,,
Line,满穗,感受着剜心剔骨的恐惧、孤独与仇恨。,,,,
Line,满穗,从肚子开始向上翻腾着的尖锐刺痛、沉重的眼皮・・・,,,,
Line,满穗,麻木的双腿与早已溃烂不堪的意志。,,,,
Line,满穗,她难过，我也痛苦。,,,,
Line,满穗,她在哭，我也流泪。,,,,
Line,满穗,她寻找，我也在搜寻。,,,,
Line,满穗,我知道，她就是我。,,,,
Line,满穗,她想走向我，但是我向后退去。,,,,
Line,满穗,现在，我只需要复仇就足够了。,,,,
FadeOut,black,0,,,,
Bg,mansui_dream_04.png,,,,,
FadeIn,black,2000,,,,
Wait,,500,,,,
Line,满穗,在前往洛阳的马车上，我梦到了她。,,,,
Line,满穗,她大喊，她询问，她疑惑。,,,,
Line,满穗,我知道，那是过去的我。,,,,
Line,穗儿,[ 为什么不杀了他？为爹爹，娘，弟弟报仇！],,,,
Line,满穗,是啊，为什么不呢？,,,,
Line,满穗,我低头，我看到了不知真相的他，为我的生日所穿上的那双新鞋子。,,,,
Line,满穗,浅蓝色的、有着亮银色牡丹的鞋。,,,,
Line,满穗,我可能还有很多的借口,,,,
Line,满穗,我想观察他，我想让剩下的孩子们有个好去处。,,,,
Line,满穗,我还有问题想问他,,,,
Line,满穗,我想让他感受哪怕一丝一毫我过去的痛苦,,,,
Line,满穗,想听他亲口认下自己的罪过。,,,,
FadeOut,black,0,,,,
Bg,mansui_dream_01.png,,,,,
Line,满穗,良，之前杀了这么多人，你后悔吗？,,,,
Line,满穗,如果我不见了，你又会难过吗？,,,,
FadeIn,black,2000,,,,
Wait,,500,,,,
Line,满穗,我很久、很久没有再梦到过那个小女孩了。,,,,
Line,满穗,上一次，或许在数年之前，我梦到了小时候挨饿的自己。,,,,
Line,满穗,我抱着她，抚摸着她的头,,,,
Line,满穗,讲过许多许多我这些年的见闻,,,,
FadeOut,black,0,,,,
Bg,mansui_dream_05.png,,,,,
Line,满穗,哄她再度入睡。,,,,
FadeIn,black,2000,,,,
Wait,,500,,,,
Line,满穗,而今夜我再次看到了她。,,,,
Line,满穗,我记得这双眸子,,,,
Line,满穗,这双眸子里有着吞噬一切的，将仇人设为自己最终目标的憎恨。,,,,
Line,满穗,我记得这副躯壳,,,,
Line,满穗,苟延残喘、戴满了虚假的面具。,,,,
Line,满穗,我很清楚，因为那就是曾经的我。,,,,
Line,满穗,仇恨占据了内心，但困惑又纠结,,,,
Line,满穗,因为那个仇人因你而转变为了善人、良人。,,,,
Line,满穗,我蹲下，而她看向我。,,,,
Line,满穗,[不要怕，穗儿，我就是你，我在很遥远很遥远的未来。],,,,
Line,穗儿,[ 是吗...很遥远很遥远？],,,,
Line,满穗,她的声音有点沙哑,,,,
Line,满穗,她在旷野里独自行走了太久,,,,
Line,满穗,感受活着所带来的无穷无尽的苦难。,,,,
Line,满穗,[很遥远很遥远，穗儿。到那时，你身边会有很多的朋友・・・],,,,
Line,满穗,[你失去的也必将再寻到・・・],,,,
Line,满穗,[你会见到你喜欢的良人、你们会结婚生子、你们会看到安居乐业的人们・・・],,,,
Line,满穗,[以及，你见过的，一望无际的麦田。],,,,
Line,穗儿,[那，杀害我们的爹爹、小猫、奶奶、娘、弟弟的凶手，我们的仇人，我・・・要杀了他嘛？],,,,
Line,满穗,她抬头看向我，向我问出了我也曾困惑过的问题。,,,,
Line,满穗,不过我早有了答案。,,,,
Line,满穗,[杀掉一个人很简单・・・],,,,
Line,满穗,[不过・・・很久以后，你可能会后悔。],,,,
Line,满穗,[我们就杀掉他的一部分吧，穗儿],,,,
Line,满穗,[我们一起去杀死他心里的那头狼。],,,,
