command,arg1,arg2,arg3,arg4
Version,1,,,
Ambience,audio/明末千里行.m4a,,,
FadeOut,black,1000,,
Bg,Texture2D/城内湖.jpg,,,
ChapterTitle,"<span style=""text-shadow:0 0 12px #00000085"">假如满穗加入了闯军……</span>
<span style=""text-shadow:0 0 12px #00000085;transform:scale(0.5)"">莫莫莫里哀</span>
<span style=""transform: scale(0.5);text-shadow:0 0 12px #00000085"">www.bilibili.com/video/BV1om411y7UN</span>",,,
FadeIn,black,1000,,
ChapterTitleOff,,,,
Line,满穗,[我怎么知道你跟了反军能还债？搞不好你会杀更多无辜的人让原本的债越积越多。],AudioClip/穗-563.m4a,Texture2D/满穗/愠怒a.png
Line,良,[…],,
FadeOut,"rgba(0, 0, 0, 0.3)",0,,
Line,,确实，她说得对。,,
Line,,反军本就不是善类，又怎能指望一个有罪之人加入后能改邪归正呢？,,
Line,,除非有一支与众不同的反军，有一个与众不同的人能去领导它。,,
Line,,等等，这么说来…也许我知道该怎么做了。,,
FadeIn,"rgba(0, 0, 0, 0.3)",0,,
Line,良,[小崽子，你记不记得我们当初在解州时遇到的那支反军？],,Texture2D/满穗/通常a.png
Line,满穗,[记得，我们还给他们演过戏。],AudioClip/穗-564.m4a,Texture2D/满穗/通常.png
Line,良,[嗯……我记得那支反军的旗帜上写着一个“闯”字，大概是叫“闯军”吧。],,
Line,良,[我看那闯军的军纪还算不错，他们进了李家村后对村民秋毫无犯，领头的很正派，为人仗义，很守信用。],,
Line,满穗,[嗯……他们当时说话算话，演完影子戏后便放了我们，确实不像是土匪的做派。],AudioClip/穗-565.m4a,
Line,良,[那支闯军重义守信，武德充沛，所缺者不过是一个军师而已。],,
Line,良,"[你冰雪聪明，这一路上我们能屡次脱险多亏有你，你去给他们当<span style=""color:rgb(200, 0, 0);font-weight:bold"">军师</span>，定能闯出一片天来。]",,
Line,良,[等到闯军攻破洛阳，杀了豚妖，你再来取我的性命。],,
Line,良,[这样，便能够一次解决掉你的两个仇人。],,
Line,,她低下头，抿着下唇沉思了一会儿。,,Texture2D/满穗/思考.png
Line,,许久后，她仿佛下定了什么决心，重新开口说话。,,
Line,满穗,[行，良爷，我认可你的想法。],AudioClip/穗-572.m4a,Texture2D/满穗/通常.png
Line,满穗,[我若是投了那“闯军”，有一天能跟着他们打到洛阳，杀了豚妖，我可暂时留你性命。],穗-5732.m4a,
Line,满穗,[不过，你不要忘了……我给你的命，只是暂借于你的！],AudioClip/穗-575.m4a,Texture2D/满穗/警告a.png
Line,满穗,[等到洛阳城破、豚妖身死的那一天，我一定会来找你的。],AudioClip/穗-576.m4a,Texture2D/满穗/愠怒a.png
Line,满穗,[那时，我一定会来取你的性命。],AudioClip/穗-577.m4a,Texture2D/满穗/愠怒.png
Line,,她咬着唇、一字一句地对我说道。,,
CharacterOff,,,,
Line,,我欣慰于她能接受我赎罪的方案，欣慰于她愿意重新叫我“良爷”。,,
Line,,她说等到豚妖身死之时再来杀我，我也能接受。,,
Line,,……,,
FadeOut,black,500,,
FadeIn,black,500,,
Line,,这之后，我们又在湖边坐了一会儿。,,
Line,,时间缓慢流逝着，湖边的风逐渐将我们湿透的衣衫吹干了，天色也渐渐暗下来，快到黄昏了。,,
Line,,我们无意义地坐着，很久都没有说话。,,
Line,,终于，在天色完全暗下来之前，她站起身，准备向我道别了。,,
Line,,我也站起身，在腰带里翻了翻。,,
Line,良,[我给你一些银子，你收着吧，路上别缺钱花。],,Texture2D/满穗/脸红a.png
Line,满穗,[嗯。],AudioClip/穗-591.m4a,Texture2D/满穗/脸红.png
Line,,我拿出了一些碎银，放在了她旁边，大概够她去找闯军了。,,
Line,,[走了啊。],,
Line,满穗,[……],,
CharacterOff,,,,
Line,,我戴上了斗笠，朝远方走去。,,
Line,良,[……],,
Line,,直到最后，我还是没有勇气提议让她和我一起走。,,
Line,,当然，我也知道她一定不会和我一起走的。,,
Line,,我没有她的聪明才智，去了也只会连累她。,,
Line,,……,,
Line,,五年后、十年后、十五年后……,,
Line,,我们真的能再见面吗？,,
FadeOut,black,500,,
StopAmbience,,,,
Bg,Texture2D/天空黄昏.jpg,,,
FadeIn,black,500,,
Line,,这之后的许多年，我再也没有离开过洛阳。,,
FadeOut,black,500,,
ChapterTitle,九年后,white,,
ChapterTitleOff,,,,
Bg,Texture2D/城破.jpg,,,
Ambience,audio/闯王行.m4a,,,
FadeIn,black,1000,,
Line,,……,,
Line,,“杀牛羊，备酒浆，开了城门迎闯娘！”,,
Line,,“开城门，迎闯娘，闯娘来了不纳粮！”,,
Line,,“迎闯娘、不纳粮！”,,
Line,,“迎闯娘、不纳粮！”,,
Line,,洛阳城北门大开，百姓高声呼喊，迎接着闯军入城。,,
Line,,闯军的兵马整齐地穿过城门，走在洛阳的大道上。,,
Line,,我站在人群之中张望着，那“闯娘”的旗帜格外显眼。,,
Line,,……,,
FadeOut,black,1000,,
Bg,Texture2D/天空阴.jpg,,,
FadeIn,black,1000,,
Line,,崇祯十四年，闯军攻下了洛阳。,,
Line,,距离满穗离开洛阳，已过了九年之久。,,
Line,,这九年发生了太多的事。,,
Line,,我还记得，满穗是在崇祯五年投的闯王。,,
Line,,那时，闯军的首领还不是闯娘，而是闯将。,,
Line,,九年以来，听到的关于闯军的消息很多，我也越来越相信他们的领袖有着“天命”。,,
Line,,崇祯九年，闯军与其他反军汇合，可没过多久就被官兵驱赶，逃亡数百里。,,
Line,,当他们正要被剿灭殆尽之时，却奇迹般地以少胜多，成功杀出重围。,,
Line,,那一年，李闯将战死，他的一个部下继承了他的名号，人称“闯娘”。,,
Line,,崇祯十二年，中原和当初的陕地一样，爆发了连年灾荒，据说有半数的人因饥饿而死。,,
Line,,这一路上，闯娘带领闯军持续收留饥民，给饥民开仓放粮。无数饥民因此被吸引，人越聚越多。,,
Line,,一千、三千、一万、五万、十万。闯娘渐渐聚集了十万之众，杀到了洛阳。,,
StopAmbience,,,,
FadeOut,black,1000,,
FadeIn,black,1000,,
Line,,此时，她正骑着马，走在队伍的正前方。,,
Line,,面对百姓们的欢呼，她回首一笑，英姿飒爽。,,
Bg,QQ图片20240506193735.jpg,,,
Line,,,,
Ambience,audio/明末-良穗相遇.m4a,,,
Line,,她看起来竟然才二十出头的样子。,,
Line,,体型瘦弱，身披红色斗篷，腰间佩剑。,,
Line,,黑色扎辫短发，深蓝色的眼瞳里既有着坚毅，又似乎带着哀伤。,,
Line,,为什么会有种熟悉感……,,
DialogueOff,,   ,,
Bg,Texture2D\CG2-1.jpg,,,
Line,, ,,
Bg,Texture2D\CG2-2.jpg,,,
Line,, ,,
Bg,Texture2D\CG4-1b.jpg,,,
Line,, ,,
Bg,Texture2D\泡澡思考.jpg,,,
Line,, ,,
Bg,Texture2D\CG9-2a.jpg,,,
Line,, ,,
BgVideo,video\满穗烟花V4.mp4,,,
Line,, ,,
FadeOut,black,1000,,Texture2D/满穗/通常.png
DialogueOn,,,,
Bg,Texture2D/城破.jpg,,,
FadeIn,black,1000,,
Line,,当年的小崽子，长大了啊。,,
Line,,你果然没有负约，那我，也该遵守约定了。,,
Line,,满穗――满穗――,,
Line,,她在第二声后回头。,,
Line,, ,,
FadeOut,black,1000,,
DialogueOn,,,,
StopAmbience,,,,
Line,,完。,,
DialogueOff,,,,
Line,,,,
Line,,,,
Line,,,,
Line,,,,
Line,,,,
Line,,,,
Line,,,,
Line,,,,
Line,,,,
Line,,,,
Line,,,,
Line,,,,
Line,,,,
Line,,,,
Line,,,,
Line,,,,
Line,,,,
Line,,,,
Line,,,,
Line,,,,
Line,,,,
Line,,,,
Line,,,,
Line,,,,
Line,,,,
Line,,,,
Line,,,,
